essay,sentiment,confidence,keywords,feedback
Climate change is one of the biggest challenges facing our planet. We need to act now by reducing emissions and conserving resources.,NEUTRAL,0.75,"act, biggest, challenges, change, climate","[GPT] Your essay demonstrates strong understanding. However, make sure to support your claims with evidence."
Artificial intelligence will revolutionize education by personalizing learning experiences for each student.,NEUTRAL,0.75,"artificial, education, experiences, intelligence, learning","[GPT] Your essay demonstrates strong understanding. However, make sure to support your claims with evidence."
The history of the Renaissance period shows the importance of art and science in society.,NEUTRAL,0.75,"art, history, importance, period, renaissance","[GPT] Your essay demonstrates strong understanding. However, make sure to support your claims with evidence."
Renewable energy sources like solar and wind power are essential for a sustainable future.,NEUTRAL,0.75,"energy, essential, future, like, power","[GPT] Your essay demonstrates strong understanding. However, make sure to support your claims with evidence."
Learning a second language can improve cognitive abilities and open career opportunities.,NEUTRAL,0.75,"abilities, career, cognitive, improve, language","[GPT] Your essay demonstrates strong understanding. However, make sure to support your claims with evidence."
Space exploration pushes the boundaries of human knowledge and inspires innovation.,NEUTRAL,0.75,"boundaries, exploration, human, innovation, inspires","[GPT] Your essay demonstrates strong understanding. However, make sure to support your claims with evidence."
Physical education promotes health and teamwork among students.,NEUTRAL,0.75,"education, health, physical, promotes, students","[GPT] Your essay demonstrates strong understanding. However, make sure to support your claims with evidence."
Online learning platforms have made education accessible worldwide.,NEUTRAL,0.75,"accessible, education, learning, online, platforms","[GPT] Your essay demonstrates strong understanding. However, make sure to support your claims with evidence."
Critical thinking skills are crucial for solving complex problems in everyday life.,NEGATIVE,0.92,"complex, critical, crucial, everyday, life","[GPT] Your essay demonstrates strong understanding. However, make sure to support your claims with evidence."
The role of technology in classrooms has evolved from simple tools to immersive experiences.,NEUTRAL,0.75,"classrooms, evolved, experiences, immersive, role","[GPT] Your essay demonstrates strong understanding. However, make sure to support your claims with evidence."
Environmental conservation efforts must involve community participation to be successful.,POSITIVE,0.92,"community, conservation, efforts, environmental, involve","[GPT] Your essay demonstrates strong understanding. However, make sure to support your claims with evidence."
Early childhood education lays the foundation for lifelong learning and development.,NEUTRAL,0.75,"childhood, development, early, education, foundation","[GPT] Your essay demonstrates strong understanding. However, make sure to support your claims with evidence."
Literature allows us to explore diverse cultures and human experiences.,NEUTRAL,0.75,"allows, cultures, diverse, experiences, explore","[GPT] Your essay demonstrates strong understanding. However, make sure to support your claims with evidence."
The importance of mental health awareness in schools cannot be overstated.,NEUTRAL,0.75,"awareness, health, importance, mental, overstated","[GPT] Your essay demonstrates strong understanding. However, make sure to support your claims with evidence."
Mathematics teaches problem-solving and logical reasoning essential for many careers.,NEUTRAL,0.75,"careers, essential, logical, mathematics, problem","[GPT] Your essay demonstrates strong understanding. However, make sure to support your claims with evidence."
Extracurricular activities help develop leadership and social skills.,NEUTRAL,0.75,"activities, develop, extracurricular, help, leadership","[GPT] Your essay demonstrates strong understanding. However, make sure to support your claims with evidence."
Historical events shape our understanding of the present and guide future decisions.,NEUTRAL,0.75,"decisions, events, future, guide, historical","[GPT] Your essay demonstrates strong understanding. However, make sure to support your claims with evidence."
Music education enhances creativity and emotional expression.,NEUTRAL,0.75,"creativity, education, emotional, enhances, expression","[GPT] Your essay demonstrates strong understanding. However, make sure to support your claims with evidence."
Coding skills are becoming increasingly important in the modern job market.,NEUTRAL,0.75,"coding, important, increasingly, job, market","[GPT] Your essay demonstrates strong understanding. However, make sure to support your claims with evidence."
Volunteering during school years fosters empathy and community engagement.,NEUTRAL,0.75,"community, empathy, engagement, fosters, school","[GPT] Your essay demonstrates strong understanding. However, make sure to support your claims with evidence."
